"Id";"Designator";"Package";"Quantity";"Designation";"Supplier and ref";
1;"G***";"qmk-badge-light";1;"LOGO";;;
2;"G***";"mixi";1;"LOGO";;;
3;"J1";"PinHeader_2x03_P2.00mm_Vertical";1;"AVR-ISP-6";;;
4;"J3";"PinHeader_1x03_P2.00mm_Vertical";1;"AVR-LED";;;
5;"SW2,SW1";"RotaryEncoder_Alps_EC11E-Switch_Vertical_H20mm";2;"EC11";;;
6;",,,";"MountingHole_2.5mm_Pad";4;"MountingHole_2.5mm_Pad";;;
7;"B1";"SPARKFUN_PRO_MICRO";1;"SPARKFUN_PRO_MICRO";;;
8;"R2";"R_0603_1608Metric";1;"10k";;;
9;"SW3";"SW_SPST_TL3342";1;"SW_PUSH";;;
10;"R1";"R_0603_1608Metric";1;"500";;;
11;"D1,D2,D3,D4,D5,D6,D7,D8,D9";"D_DO-35_SOD27_P7.62mm_Horizontal";9;"1N4148";;;
12;"K1,K2,K3,K4,K5,K6,K7,K8,K9";"MX-1U-NoLED";9;"KEYSW";;;
