Id,Designator,Package,Quantity,Designation,Supplier and ref
1,J1,PinHeader_2x03_P2.00mm_Vertical,1,AVR-ISP-6,
2,J3,PinHeader_1x03_P2.00mm_Vertical,1,AVR-LED,
3,"SW2,SW1",RotaryEncoder_Alps_EC11E-Switch_Vertical_H20mm,2,EC11,
4,B1,SPARKFUN_PRO_MICRO,1,SPARKFUN_PRO_MICRO,
5,"D1,D2,D3,D4,D5,D6,D7,D8,D9",D_DO-35_SOD27_P7.62mm_Horizontal,9,1N4148,
6,"K1,K2,K3,K4,K5,K6,K7,K8,K9",MX-1U-NoLED,9,KEYSW,
7,R1,R_Axial_DIN0204_L3.6mm_D1.6mm_P5.08mm_Horizontal,1,500,
8,R2,R_Axial_DIN0204_L3.6mm_D1.6mm_P5.08mm_Horizontal,1,10k,
9,SW3,SW_PUSH_6mm_H5mm,1,SW_PUSH,
,,,,,
,(Optional),,,,
